<?xml version="1.0" encoding="UTF-8" standalone="no"?>
<manifest xmlns="http://tizen.org/ns/packages" api-version="2.4" package="org.example.serviceapp" version="1.0.0">
    <profile name="mobile"/>
    <service-application appid="org.example.serviceapp" exec="serviceapp" multiple="false" nodisplay="true" taskmanage="false" type="capp">
        <label>serviceapp</label>
        <icon>serviceapp.png</icon>
    </service-application>
    <privileges>
        <privilege>http://tizen.org/privilege/packagemanager.info</privilege>
    </privileges>
</manifest>
